position,adjacent_chain
1,1.0
2,0.6837289602351935
3,0.44502943481183344
4,0.32197327063138825
5,0.22316569911840387
6,0.17736825292132938
7,0.13559207749707836
8,0.1164319549243207
9,0.08206246527027779
10,0.0488456495806116
11,0.04072850931307527
12,0.041766945288981824
13,0.047829125629263274
14,0.036792938405599426
15,0.05267735915459923
16,0.02130819193281601
17,0.03899958430636958
18,0.0
19,
20,
21,
22,
