position,adjacent_chain
1,1.0
2,0.6287445939920477
3,0.4278690679404364
4,0.3348934103953182
5,0.22357248537419122
6,0.17596425959453382
7,0.13265712608313604
8,0.10641937431689114
9,0.07202858045206094
10,0.04377849147046089
11,0.038785177341929794
12,0.032958492458427434
13,0.03368870993244406
14,0.022817876029861992
15,0.02313730106847706
16,0.008692249311618222
17,0.017741332462841042
18,0.0023140868429792666
19,0.005013854826455077
20,0.0
21,
22,
