position,adjacent_chain
1,1.0
2,0.6840615215572755
3,0.44488921715482643
4,0.32147423980405143
5,0.22286122071454087
6,0.17741596746880203
7,0.13611822850639643
8,0.11723119411843345
9,0.08296819524011101
10,0.04946208354971633
11,0.04119228201321624
12,0.04232033624484211
13,0.048462837416582374
14,0.037280426279378755
15,0.053375307590451185
16,0.021590514727068
17,0.039516309125197754
18,0.0
19,
20,
21,
22,
