position,adjacent_chain
1,1.0
2,0.6697987645172734
3,0.3941997796252361
4,0.27988420825088983
5,0.18993686419785696
6,0.15937498383088003
7,0.12513579829422192
8,0.0936837122109167
9,0.06801098890241718
10,0.04773382927341937
11,0.01852636087064543
12,0.010488739698858536
13,0.010552829188893147
14,0.00759933836492801
15,0.0007048510335041438
16,0.000977654489064081
17,0.0
18,0.0
19,0.0
20,0.0
21,0.0
22,
