position,ctr
1,1.0
2,0.507082637613362
3,0.2605570817637775
4,0.20210876162844577
5,0.1238544015174014
6,0.09744473907150503
7,0.07781280014052337
8,0.058256382614147624
9,0.043920118288529424
10,0.024692516095472822
11,0.01855828631835523
12,0.012891689393405886
13,0.009592206439934279
14,0.006315881369074101
15,0.007413854561534217
16,0.007081514287959277
17,0.004187965242132389
18,0.0021765447746814213
19,0.004634007710208398
20,0.0
21,0.0
22,0.0
