position,ctr
1,1.0
2,0.5070826511224015
3,0.2605569109923404
4,0.20210862916455938
5,0.12385432034212113
6,0.09744467520535324
7,0.07781274914131961
8,0.05825638147631547
9,0.04392008950289187
10,0.024692619759664643
11,0.018558274155088726
12,0.012891680944077586
13,0.00959220015311656
14,0.006315877229589076
15,0.007413849702427761
16,0.007081509646671603
17,0.004187962497302587
18,0.002176543348154548
19,0.0046340046730383826
20,0.0
21,0.0
22,0.0
