position,ctr
1,1.0
2,0.5097289790607338
3,0.2616321625289055
4,0.20270426726820653
5,0.12389654170176562
6,0.09748318598976885
7,0.07796266980858572
8,0.058467720967621865
9,0.04406163639277772
10,0.02475796628777737
11,0.018502618825727134
12,0.012902400162832119
13,0.009600231855147714
14,0.006321035267481704
15,0.007419904430267659
16,0.00708729295970426
17,0.004191382714078301
18,0.0021783208831915074
19,0.004637789162639632
20,0.0
21,0.0
22,0.0
