position,ctr
1,1.0
2,0.5631752551569187
3,0.29906520131031206
4,0.22823756033905482
5,0.13101144254562033
6,0.11944595554641983
7,0.09557956663001628
8,0.07491894911265576
9,0.05568481326249334
10,0.04159815306193441
11,0.016946508299443542
12,0.012082956924741014
13,0.012048913088960134
14,0.008752073373383814
15,0.004730349599940189
16,0.005662883370386577
17,0.001992873455031799
18,0.0033214557583863317
19,0.006872379771743147
20,0.0
21,0.0
22,0.0
