position,pivot_one
1,1.0
2,0.6840615215572755
3,0.44759228173148974
4,0.3261513320659251
5,0.21646264441958435
6,0.20165343073713868
7,0.1700982923676195
8,0.1233189025020633
9,0.09357450718348972
10,0.13579136761400676
11,0.1716171617161716
12,0.0
13,0.0
14,0.0
15,0.0
16,0.0
17,0.0
18,0.0
19,0.0
20,
21,
22,
