position,pivot_one
1,1.0
2,0.6287445939920477
3,0.4838080756444466
4,0.253955845044826
5,0.1379355336052708
6,0.11831903291459228
7,0.08324410271977235
8,0.05295220512871439
9,0.039196999435685276
10,0.08027194811606911
11,0.08230530598782537
12,0.025351506744632234
13,0.053621567832128514
14,0.016989574579375527
15,0.03101971082161885
16,0.03504635884762539
17,0.01886194221813027
18,0.002391573806021484
19,0.00766321449251031
20,0.0
21,
22,
