position,pivot_one
1,1.0
2,0.6837289602351935
3,0.4476116527165904
4,0.3266126900040493
5,0.2160394376310964
6,0.20194695412224287
7,0.16896572735557244
8,0.12191527124302777
9,0.09326106653756026
10,0.13579136761400676
11,0.1716171617161716
12,0.0
13,0.0
14,0.0
15,0.0
16,0.0
17,0.0
18,0.0
19,0.0
20,
21,
22,
