position,pivot_one
1,1.0
2,0.6697987645172734
3,0.4874170443638728
4,0.30124372759957657
5,0.14551258757356217
6,0.11963640550558656
7,0.0856685951140273
8,0.07191723905965308
9,0.052222154041432864
10,0.03234303670573889
11,0.08656641275772199
12,0.044241057001352994
13,0.05765171421147517
14,0.0
15,0.017456618668966833
16,0.0
17,0.0
18,0.04962002865438938
19,0.010228611731260032
20,0.0
21,0.0
22,
